{
    "loss": 0.10515959560871124,
    "accuracy": 0.9568345546722412
}