{
    "loss": 0.0988176167011261,
    "accuracy": 0.9568345546722412
}