{
    "loss": 1.5073673725128174,
    "accuracy": 0.5035971403121948
}