{
    "loss": 1.4118021726608276,
    "accuracy": 0.5467625856399536
}